{
    "name": "root",
    "gauges": {
        "3DBall.Policy.Entropy.mean": {
            "value": 1.3766988515853882,
            "min": 1.3766988515853882,
            "max": 1.4189382791519165,
            "count": 21
        },
        "3DBall.Environment.EpisodeLength.mean": {
            "value": 959.9230769230769,
            "min": 21.88190476190476,
            "max": 999.0,
            "count": 21
        },
        "3DBall.Policy.ExtrinsicValueEstimate.mean": {
            "value": 7.110753059387207,
            "min": -0.3824871778488159,
            "max": 7.110753059387207,
            "count": 21
        },
        "3DBall.Environment.CumulativeReward.mean": {
            "value": 90.3615521651048,
            "min": 1.188740419294998,
            "max": 100.00001525878906,
            "count": 21
        },
        "3DBall.Policy.ExtrinsicReward.mean": {
            "value": 90.3615521651048,
            "min": 1.188740419294998,
            "max": 100.00001525878906,
            "count": 21
        },
        "3DBall.IsTraining.mean": {
            "value": 1.0,
            "min": 1.0,
            "max": 1.0,
            "count": 21
        },
        "3DBall.Losses.PolicyLoss.mean": {
            "value": 0.09902754044546287,
            "min": 0.09267138858738634,
            "max": 0.10372157596340552,
            "count": 20
        },
        "3DBall.Losses.ValueLoss.mean": {
            "value": 1.9554330404970106,
            "min": 0.34480126637719744,
            "max": 11.605344561509312,
            "count": 20
        },
        "3DBall.Policy.LearningRate.mean": {
            "value": 0.00015032284989240002,
            "min": 0.00015032284989240002,
            "max": 0.0002927922024026,
            "count": 20
        },
        "3DBall.Policy.Epsilon.mean": {
            "value": 0.15010760000000004,
            "min": 0.15010760000000004,
            "max": 0.19759739999999998,
            "count": 20
        },
        "3DBall.Policy.Beta.mean": {
            "value": 0.00050606524,
            "min": 0.00050606524,
            "max": 0.00097621426,
            "count": 20
        }
    },
    "metadata": {
        "timer_format_version": "0.1.0",
        "start_time_seconds": "1609405418",
        "python_version": "3.7.9 (v3.7.9:13c94747c7, Aug 15 2020, 01:31:08) \n[Clang 6.0 (clang-600.0.57)]",
        "command_line_arguments": "/Library/Frameworks/Python.framework/Versions/3.7/bin/mlagents-learn config/ppo/3DBall.yaml --run-id=first3DBallRun --force",
        "mlagents_version": "0.23.0",
        "mlagents_envs_version": "0.23.0",
        "communication_protocol_version": "1.3.0",
        "pytorch_version": "1.7.1",
        "numpy_version": "1.18.5",
        "end_time_seconds": "1609405826"
    },
    "total": 407.862742977,
    "count": 1,
    "self": 0.013016547999995964,
    "children": {
        "run_training.setup": {
            "total": 0.01784983000000029,
            "count": 1,
            "self": 0.01784983000000029
        },
        "TrainerController.start_learning": {
            "total": 407.831876599,
            "count": 1,
            "self": 1.5026859229999445,
            "children": {
                "TrainerController._reset_env": {
                    "total": 8.149982269999999,
                    "count": 1,
                    "self": 8.149982269999999
                },
                "TrainerController.advance": {
                    "total": 397.91283789100004,
                    "count": 25207,
                    "self": 0.5994170469956543,
                    "children": {
                        "env_step": {
                            "total": 397.3134208440044,
                            "count": 25207,
                            "self": 307.74027885400824,
                            "children": {
                                "SubprocessEnvManager._take_step": {
                                    "total": 89.08146022999733,
                                    "count": 25207,
                                    "self": 2.8392853089970913,
                                    "children": {
                                        "TorchPolicy.evaluate": {
                                            "total": 86.24217492100024,
                                            "count": 23382,
                                            "self": 15.464169255997092,
                                            "children": {
                                                "TorchPolicy.sample_actions": {
                                                    "total": 70.77800566500315,
                                                    "count": 23382,
                                                    "self": 70.77800566500315
                                                }
                                            }
                                        }
                                    }
                                },
                                "workers": {
                                    "total": 0.49168175999880326,
                                    "count": 25206,
                                    "self": 0.0,
                                    "children": {
                                        "worker_root": {
                                            "total": 405.7082576680019,
                                            "count": 25206,
                                            "is_parallel": true,
                                            "self": 185.67579482600408,
                                            "children": {
                                                "run_training.setup": {
                                                    "total": 0.0,
                                                    "count": 0,
                                                    "is_parallel": true,
                                                    "self": 0.0,
                                                    "children": {
                                                        "steps_from_proto": {
                                                            "total": 0.0010860860000008188,
                                                            "count": 1,
                                                            "is_parallel": true,
                                                            "self": 0.00026642600000137406,
                                                            "children": {
                                                                "_process_vector_observation": {
                                                                    "total": 0.0008196599999994447,
                                                                    "count": 2,
                                                                    "is_parallel": true,
                                                                    "self": 0.0008196599999994447
                                                                }
                                                            }
                                                        },
                                                        "UnityEnvironment.step": {
                                                            "total": 0.02189381300000015,
                                                            "count": 1,
                                                            "is_parallel": true,
                                                            "self": 0.0001941680000001611,
                                                            "children": {
                                                                "UnityEnvironment._generate_step_input": {
                                                                    "total": 0.0003248899999999111,
                                                                    "count": 1,